{
  "1": {
    "audit_trail_id": "1",
    "action": "migration_validate",
    "actor_user_id": "5",
    "reference_type": "report",
    "reference_id": null,
    "meta_summary": "Arrive attack all form method everything magazine much rich think office.",
    "created_at": "2025-03-11T21:53:05.695053"
  },
  "2": {
    "audit_trail_id": "2",
    "action": "calendar_manage",
    "actor_user_id": "8",
    "reference_type": "integration",
    "reference_id": null,
    "meta_summary": "Six space couple best issue interest level.",
    "created_at": "2025-07-27T21:53:05.695053"
  },
  "3": {
    "audit_trail_id": "3",
    "action": "file_manage",
    "actor_user_id": "8",
    "reference_type": "group",
    "reference_id": "3",
    "meta_summary": "Pull worker better I fund.",
    "created_at": "2025-07-28T21:53:05.695053"
  },
  "4": {
    "audit_trail_id": "4",
    "action": "file_manage",
    "actor_user_id": "6",
    "reference_type": "attachment",
    "reference_id": "5",
    "meta_summary": "Eat couple large instead everything.",
    "created_at": "2025-09-06T21:53:05.695053"
  },
  "5": {
    "audit_trail_id": "5",
    "action": "page_create",
    "actor_user_id": "3",
    "reference_type": "page",
    "reference_id": "4",
    "meta_summary": "Themselves away space task better present music.",
    "created_at": "2025-04-02T21:53:05.695053"
  },
  "6": {
    "audit_trail_id": "6",
    "action": "page_create",
    "actor_user_id": "12",
    "reference_type": "page",
    "reference_id": "1",
    "meta_summary": "Why unit support coach.",
    "created_at": "2025-06-12T21:53:05.695053"
  },
  "7": {
    "audit_trail_id": "7",
    "action": "group_manage",
    "actor_user_id": "6",
    "reference_type": "workflow",
    "reference_id": null,
    "meta_summary": "Loss ten total clearly able hospital unit size expect.",
    "created_at": "2025-05-30T21:53:05.695053"
  },
  "8": {
    "audit_trail_id": "8",
    "action": "group_manage",
    "actor_user_id": "1",
    "reference_type": "page",
    "reference_id": "7",
    "meta_summary": "Product main couple design around save article finish anyone live.",
    "created_at": "2025-06-11T21:53:05.695053"
  },
  "9": {
    "audit_trail_id": "9",
    "action": "workflow_transition",
    "actor_user_id": "10",
    "reference_type": "calendar",
    "reference_id": null,
    "meta_summary": "Church whether bag control organization push dog build three east.",
    "created_at": "2025-09-21T21:53:05.695053"
  },
  "10": {
    "audit_trail_id": "10",
    "action": "migration_plan",
    "actor_user_id": "7",
    "reference_type": "label",
    "reference_id": "1",
    "meta_summary": "Always bank price north first end prove fire enter capital.",
    "created_at": "2025-06-28T21:53:05.696051"
  },
  "11": {
    "audit_trail_id": "11",
    "action": "label_manage",
    "actor_user_id": "7",
    "reference_type": "migration",
    "reference_id": null,
    "meta_summary": "Lead upon very act perform none beyond.",
    "created_at": "2025-06-11T21:53:05.696051"
  },
  "12": {
    "audit_trail_id": "12",
    "action": "report_generate",
    "actor_user_id": "12",
    "reference_type": "calendar",
    "reference_id": null,
    "meta_summary": "Defense enter value thing these hard citizen street region particularly.",
    "created_at": "2025-05-10T21:53:05.696051"
  },
  "13": {
    "audit_trail_id": "13",
    "action": "migration_run",
    "actor_user_id": "4",
    "reference_type": "label",
    "reference_id": "2",
    "meta_summary": "Account stage federal professional voice care break blood network evening.",
    "created_at": "2025-07-19T21:53:05.696051"
  },
  "14": {
    "audit_trail_id": "14",
    "action": "group_manage",
    "actor_user_id": "8",
    "reference_type": "user",
    "reference_id": "7",
    "meta_summary": "Decision garden reach table measure economy traditional anything plant stop.",
    "created_at": "2025-07-02T21:53:05.696051"
  }
}