{
  "1": {
    "blog_id": "1",
    "space_key": "1",
    "title": "Shoulder future fall citizen about",
    "author_id": "9",
    "published_at": "2025-07-11T21:53:05.693051",
    "status": "published"
  },
  "2": {
    "blog_id": "2",
    "space_key": "1",
    "title": "Will seven medical blood personal",
    "author_id": "3",
    "published_at": "2025-07-20T21:53:05.693051",
    "status": "published"
  },
  "3": {
    "blog_id": "3",
    "space_key": "2",
    "title": "Participant check several much single morning a",
    "author_id": "9",
    "published_at": "2025-08-17T21:53:05.693051",
    "status": "published"
  },
  "4": {
    "blog_id": "4",
    "space_key": "2",
    "title": "Major born guy world southern dream",
    "author_id": "12",
    "published_at": "2025-06-30T21:53:05.693051",
    "status": "published"
  },
  "5": {
    "blog_id": "5",
    "space_key": "3",
    "title": "There water beat magazine attorney",
    "author_id": "8",
    "published_at": "2025-07-23T21:53:05.693051",
    "status": "published"
  },
  "6": {
    "blog_id": "6",
    "space_key": "3",
    "title": "She campaign little near enter their institution",
    "author_id": "2",
    "published_at": "2025-04-16T21:53:05.693051",
    "status": "published"
  }
}