{
  "1": {
    "calendar_id": "1",
    "space_key": "1",
    "calendar_name": "About Calendar",
    "created_by": "8",
    "created_at": "2025-06-30T21:53:05.696051"
  },
  "2": {
    "calendar_id": "2",
    "space_key": "2",
    "calendar_name": "Goal Calendar",
    "created_by": "4",
    "created_at": "2025-06-23T21:53:05.696051"
  },
  "3": {
    "calendar_id": "3",
    "space_key": "4",
    "calendar_name": "Spend Calendar",
    "created_by": "10",
    "created_at": "2025-03-26T21:53:05.696051"
  }
}