{
  "1": {
    "event_id": "1",
    "calendar_id": "1",
    "title": "Pm energy scientist",
    "start_at": "2025-10-14T21:53:05.696051",
    "end_at": "2025-10-14T23:58:05.696051",
    "event_type": "deadline",
    "created_by": "12",
    "created_at": "2025-09-13T21:53:05.696051"
  },
  "2": {
    "event_id": "2",
    "calendar_id": "1",
    "title": "Relationship night born war real",
    "start_at": "2025-10-13T14:53:05.696051",
    "end_at": "2025-10-13T17:37:05.696051",
    "event_type": "other",
    "created_by": "11",
    "created_at": "2025-09-11T21:53:05.696051"
  },
  "3": {
    "event_id": "3",
    "calendar_id": "2",
    "title": "Nation strong old",
    "start_at": "2025-10-22T21:53:05.696051",
    "end_at": "2025-10-22T23:11:05.696051",
    "event_type": "deadline",
    "created_by": "7",
    "created_at": "2025-09-19T21:53:05.696051"
  },
  "4": {
    "event_id": "4",
    "calendar_id": "2",
    "title": "Involve among half",
    "start_at": "2025-10-07T15:53:05.696051",
    "end_at": "2025-10-07T19:23:05.696051",
    "event_type": "milestone",
    "created_by": "7",
    "created_at": "2025-09-09T21:53:05.696051"
  },
  "5": {
    "event_id": "5",
    "calendar_id": "3",
    "title": "Together decide",
    "start_at": "2025-10-09T11:53:05.696051",
    "end_at": "2025-10-09T15:12:05.696051",
    "event_type": "milestone",
    "created_by": "4",
    "created_at": "2025-09-23T21:53:05.696051"
  },
  "6": {
    "event_id": "6",
    "calendar_id": "3",
    "title": "Project government nice",
    "start_at": "2025-10-21T03:53:05.696051",
    "end_at": "2025-10-21T07:00:05.696051",
    "event_type": "deadline",
    "created_by": "4",
    "created_at": "2025-09-20T21:53:05.696051"
  }
}