{
  "1": {
    "grant_id": "1",
    "subject_type": "user",
    "subject_id": "8",
    "permission": "administer",
    "granted_by": "10",
    "granted_at": "2024-12-17T21:53:05.696051"
  },
  "2": {
    "grant_id": "2",
    "subject_type": "user",
    "subject_id": "7",
    "permission": "integration_manage",
    "granted_by": "10",
    "granted_at": "2025-09-03T21:53:05.696051"
  },
  "3": {
    "grant_id": "3",
    "subject_type": "user",
    "subject_id": "11",
    "permission": "analytics",
    "granted_by": "3",
    "granted_at": "2025-01-23T21:53:05.696051"
  }
}