{
  "1": {
    "group_id": "1",
    "group_name": "Themselves Team",
    "purpose": "Peace technology officer relate animal direction eye bag.",
    "created_at": "2024-12-29T21:53:05.691052",
    "updated_at": "2024-12-31T11:39:05.691052"
  },
  "2": {
    "group_id": "2",
    "group_name": "Early Team",
    "purpose": "Herself law street class.",
    "created_at": "2025-09-20T21:53:05.691052",
    "updated_at": "2025-09-22T20:25:05.691052"
  },
  "3": {
    "group_id": "3",
    "group_name": "Hear Team",
    "purpose": "Prove reduce raise author play.",
    "created_at": "2024-12-25T21:53:05.691052",
    "updated_at": "2024-12-28T02:21:05.691052"
  },
  "4": {
    "group_id": "4",
    "group_name": "None Team",
    "purpose": "Clear here writer policy news.",
    "created_at": "2024-11-01T21:53:05.691052",
    "updated_at": "2024-11-02T05:29:05.691052"
  },
  "5": {
    "group_id": "5",
    "group_name": "Reveal Team",
    "purpose": "Successful simply director allow firm environment.",
    "created_at": "2025-04-28T21:53:05.691052",
    "updated_at": "2025-04-29T08:40:05.691052"
  }
}