{
  "1": {
    "group_id": "1",
    "user_id": "1",
    "added_at": "2025-06-26T21:53:05.692055"
  },
  "2": {
    "group_id": "1",
    "user_id": "5",
    "added_at": "2025-01-09T21:53:05.692055"
  },
  "3": {
    "group_id": "1",
    "user_id": "9",
    "added_at": "2025-08-02T21:53:05.692055"
  },
  "4": {
    "group_id": "2",
    "user_id": "11",
    "added_at": "2025-06-16T21:53:05.692055"
  },
  "5": {
    "group_id": "2",
    "user_id": "9",
    "added_at": "2025-07-09T21:53:05.692055"
  },
  "6": {
    "group_id": "3",
    "user_id": "3",
    "added_at": "2024-12-28T21:53:05.692055"
  },
  "7": {
    "group_id": "3",
    "user_id": "9",
    "added_at": "2025-09-25T21:53:05.692055"
  },
  "8": {
    "group_id": "4",
    "user_id": "8",
    "added_at": "2025-07-30T21:53:05.692055"
  },
  "9": {
    "group_id": "4",
    "user_id": "1",
    "added_at": "2025-03-24T21:53:05.692055"
  },
  "10": {
    "group_id": "5",
    "user_id": "4",
    "added_at": "2025-05-25T21:53:05.692055"
  },
  "11": {
    "group_id": "5",
    "user_id": "1",
    "added_at": "2024-12-09T21:53:05.692055"
  }
}