{
  "1": {
    "integration_id": "1",
    "integration_type": "analytics",
    "scope": "space",
    "scope_space_key": "4",
    "configured_by": "10",
    "status": "active",
    "created_at": "2025-01-30T21:53:05.696051",
    "updated_at": "2025-02-02T06:15:05.696051"
  },
  "2": {
    "integration_id": "2",
    "integration_type": "drive",
    "scope": "global",
    "scope_space_key": null,
    "configured_by": "10",
    "status": "active",
    "created_at": "2025-05-06T21:53:05.696051",
    "updated_at": "2025-05-07T14:31:05.696051"
  }
}