{
  "1": {
    "label_id": "3",
    "applied_to_type": "page",
    "applied_to_id": "1",
    "applied_by": "7",
    "applied_at": "2025-07-02T21:53:05.694050"
  },
  "2": {
    "label_id": "5",
    "applied_to_type": "page",
    "applied_to_id": "1",
    "applied_by": "9",
    "applied_at": "2025-08-15T21:53:05.694050"
  },
  "3": {
    "label_id": "2",
    "applied_to_type": "page",
    "applied_to_id": "4",
    "applied_by": "5",
    "applied_at": "2025-09-22T21:53:05.694050"
  },
  "4": {
    "label_id": "5",
    "applied_to_type": "page",
    "applied_to_id": "4",
    "applied_by": "2",
    "applied_at": "2025-07-12T21:53:05.695053"
  },
  "5": {
    "label_id": "3",
    "applied_to_type": "page",
    "applied_to_id": "5",
    "applied_by": "10",
    "applied_at": "2025-07-23T21:53:05.695053"
  },
  "6": {
    "label_id": "6",
    "applied_to_type": "page",
    "applied_to_id": "5",
    "applied_by": "2",
    "applied_at": "2025-08-08T21:53:05.695053"
  },
  "7": {
    "label_id": "4",
    "applied_to_type": "page",
    "applied_to_id": "5",
    "applied_by": "10",
    "applied_at": "2025-09-02T21:53:05.695053"
  },
  "8": {
    "label_id": "1",
    "applied_to_type": "page",
    "applied_to_id": "6",
    "applied_by": "1",
    "applied_at": "2025-07-22T21:53:05.695053"
  },
  "9": {
    "label_id": "4",
    "applied_to_type": "page",
    "applied_to_id": "6",
    "applied_by": "9",
    "applied_at": "2025-07-01T21:53:05.695053"
  },
  "10": {
    "label_id": "3",
    "applied_to_type": "page",
    "applied_to_id": "7",
    "applied_by": "7",
    "applied_at": "2025-09-18T21:53:05.695053"
  },
  "11": {
    "label_id": "5",
    "applied_to_type": "blog",
    "applied_to_id": "1",
    "applied_by": "11",
    "applied_at": "2025-06-10T21:53:05.695053"
  },
  "12": {
    "label_id": "3",
    "applied_to_type": "blog",
    "applied_to_id": "1",
    "applied_by": "2",
    "applied_at": "2025-06-26T21:53:05.695053"
  },
  "13": {
    "label_id": "5",
    "applied_to_type": "blog",
    "applied_to_id": "2",
    "applied_by": "11",
    "applied_at": "2025-08-05T21:53:05.695053"
  },
  "14": {
    "label_id": "3",
    "applied_to_type": "blog",
    "applied_to_id": "2",
    "applied_by": "6",
    "applied_at": "2025-08-06T21:53:05.695053"
  },
  "15": {
    "label_id": "5",
    "applied_to_type": "blog",
    "applied_to_id": "3",
    "applied_by": "4",
    "applied_at": "2025-08-04T21:53:05.695053"
  },
  "16": {
    "label_id": "2",
    "applied_to_type": "blog",
    "applied_to_id": "3",
    "applied_by": "11",
    "applied_at": "2025-05-29T21:53:05.695053"
  },
  "17": {
    "label_id": "6",
    "applied_to_type": "blog",
    "applied_to_id": "4",
    "applied_by": "7",
    "applied_at": "2025-07-18T21:53:05.695053"
  },
  "18": {
    "label_id": "2",
    "applied_to_type": "blog",
    "applied_to_id": "4",
    "applied_by": "1",
    "applied_at": "2025-08-19T21:53:05.695053"
  },
  "19": {
    "label_id": "3",
    "applied_to_type": "blog",
    "applied_to_id": "4",
    "applied_by": "5",
    "applied_at": "2025-08-31T21:53:05.695053"
  },
  "20": {
    "label_id": "5",
    "applied_to_type": "blog",
    "applied_to_id": "5",
    "applied_by": "8",
    "applied_at": "2025-08-01T21:53:05.695053"
  },
  "21": {
    "label_id": "6",
    "applied_to_type": "blog",
    "applied_to_id": "5",
    "applied_by": "8",
    "applied_at": "2025-07-02T21:53:05.695053"
  },
  "22": {
    "label_id": "3",
    "applied_to_type": "blog",
    "applied_to_id": "5",
    "applied_by": "4",
    "applied_at": "2025-07-23T21:53:05.695053"
  },
  "23": {
    "label_id": "6",
    "applied_to_type": "blog",
    "applied_to_id": "6",
    "applied_by": "5",
    "applied_at": "2025-07-23T21:53:05.695053"
  },
  "24": {
    "label_id": "2",
    "applied_to_type": "blog",
    "applied_to_id": "6",
    "applied_by": "11",
    "applied_at": "2025-07-07T21:53:05.695053"
  },
  "25": {
    "label_id": "1",
    "applied_to_type": "blog",
    "applied_to_id": "6",
    "applied_by": "10",
    "applied_at": "2025-08-15T21:53:05.695053"
  },
  "26": {
    "label_id": "6",
    "applied_to_type": "attachment",
    "applied_to_id": "2",
    "applied_by": "5",
    "applied_at": "2025-08-29T21:53:05.695053"
  },
  "27": {
    "label_id": "2",
    "applied_to_type": "attachment",
    "applied_to_id": "3",
    "applied_by": "1",
    "applied_at": "2025-09-21T21:53:05.695053"
  },
  "28": {
    "label_id": "4",
    "applied_to_type": "attachment",
    "applied_to_id": "4",
    "applied_by": "10",
    "applied_at": "2025-06-10T21:53:05.695053"
  },
  "29": {
    "label_id": "4",
    "applied_to_type": "attachment",
    "applied_to_id": "6",
    "applied_by": "12",
    "applied_at": "2025-06-29T21:53:05.695053"
  },
  "30": {
    "label_id": "5",
    "applied_to_type": "attachment",
    "applied_to_id": "6",
    "applied_by": "7",
    "applied_at": "2025-07-25T21:53:05.695053"
  },
  "31": {
    "label_id": "2",
    "applied_to_type": "attachment",
    "applied_to_id": "6",
    "applied_by": "7",
    "applied_at": "2025-08-26T21:53:05.695053"
  },
  "32": {
    "label_id": "6",
    "applied_to_type": "attachment",
    "applied_to_id": "7",
    "applied_by": "12",
    "applied_at": "2025-09-26T21:53:05.695053"
  }
}