{
  "1": {
    "label_id": "1",
    "label_text": "once",
    "created_by": "4",
    "created_at": "2025-02-02T21:53:05.694050"
  },
  "2": {
    "label_id": "2",
    "label_text": "drug",
    "created_by": "6",
    "created_at": "2025-04-22T21:53:05.694050"
  },
  "3": {
    "label_id": "3",
    "label_text": "per",
    "created_by": "4",
    "created_at": "2025-06-03T21:53:05.694050"
  },
  "4": {
    "label_id": "4",
    "label_text": "discussion",
    "created_by": "1",
    "created_at": "2025-06-19T21:53:05.694050"
  },
  "5": {
    "label_id": "5",
    "label_text": "account",
    "created_by": "7",
    "created_at": "2025-04-10T21:53:05.694050"
  },
  "6": {
    "label_id": "6",
    "label_text": "avoid",
    "created_by": "5",
    "created_at": "2025-08-21T21:53:05.694050"
  }
}