{
  "1": {
    "item_id": "1",
    "plan_id": "1",
    "item_type": "apps",
    "value_ref": "2",
    "notes": ""
  },
  "2": {
    "item_id": "2",
    "plan_id": "2",
    "item_type": "templates",
    "value_ref": "2",
    "notes": ""
  },
  "3": {
    "item_id": "3",
    "plan_id": "2",
    "item_type": "spaces",
    "value_ref": "2",
    "notes": ""
  },
  "4": {
    "item_id": "4",
    "plan_id": "2",
    "item_type": "apps",
    "value_ref": "1",
    "notes": ""
  }
}