{
  "1": {
    "validation_id": "1",
    "plan_id": "1",
    "check_name": "heap_bandwidth_ok",
    "result": "pass",
    "details": "",
    "checked_at": "2025-09-22T21:53:05.697053"
  },
  "2": {
    "validation_id": "2",
    "plan_id": "1",
    "check_name": "public_space_reviewed",
    "result": "pass",
    "details": "",
    "checked_at": "2025-09-22T21:53:05.697053"
  },
  "3": {
    "validation_id": "3",
    "plan_id": "2",
    "check_name": "unique_users",
    "result": "pass",
    "details": "",
    "checked_at": "2025-09-22T21:53:05.697053"
  },
  "4": {
    "validation_id": "4",
    "plan_id": "2",
    "check_name": "public_space_reviewed",
    "result": "fail",
    "details": "",
    "checked_at": "2025-09-22T21:53:05.697053"
  }
}