{
  "1": {
    "plan_id": "1",
    "plan_name": "Two Migration Plan",
    "stage": "test",
    "user_migration_mode": "related_only",
    "created_by": "2",
    "status": "ready",
    "created_at": "2024-12-04T21:53:05.697053",
    "updated_at": "2024-12-05T08:14:05.697053"
  },
  "2": {
    "plan_id": "2",
    "plan_name": "Investment Migration Plan",
    "stage": "test",
    "user_migration_mode": "all",
    "created_by": "10",
    "status": "draft",
    "created_at": "2024-11-12T21:53:05.697053",
    "updated_at": "2024-11-14T15:30:05.697053"
  }
}