{
  "1": {
    "notification_id": "1",
    "recipient_type": "user",
    "recipient_id": "11",
    "type": "reminder",
    "class": "page",
    "reference_id": "3",
    "status": "pending",
    "sent_at": "2025-09-22T21:53:05.697053",
    "created_by": "4",
    "created_at": "2025-09-24T21:53:05.697053"
  },
  "2": {
    "notification_id": "2",
    "recipient_type": "group",
    "recipient_id": "2",
    "type": "alert",
    "class": "space",
    "reference_id": "1",
    "status": "sent",
    "sent_at": "2025-09-23T21:53:05.697053",
    "created_by": "12",
    "created_at": "2025-09-22T21:53:05.697053"
  },
  "3": {
    "notification_id": "3",
    "recipient_type": "group",
    "recipient_id": "3",
    "type": "report",
    "class": "integration",
    "reference_id": "2",
    "status": "pending",
    "sent_at": null,
    "created_by": "12",
    "created_at": "2025-09-21T21:53:05.697053"
  },
  "4": {
    "notification_id": "4",
    "recipient_type": "group",
    "recipient_id": "1",
    "type": "reminder",
    "class": "space",
    "reference_id": "2",
    "status": "pending",
    "sent_at": null,
    "created_by": "11",
    "created_at": "2025-09-22T21:53:05.697053"
  },
  "5": {
    "notification_id": "5",
    "recipient_type": "user",
    "recipient_id": "3",
    "type": "report",
    "class": "workflow",
    "reference_id": "1",
    "status": "failed",
    "sent_at": "2025-09-23T21:53:05.697053",
    "created_by": "2",
    "created_at": "2025-09-19T21:53:05.697053"
  },
  "6": {
    "notification_id": "6",
    "recipient_type": "group",
    "recipient_id": "4",
    "type": "reminder",
    "class": "template",
    "reference_id": "3",
    "status": "pending",
    "sent_at": "2025-09-21T21:53:05.697053",
    "created_by": "8",
    "created_at": "2025-09-22T21:53:05.697053"
  },
  "7": {
    "notification_id": "7",
    "recipient_type": "group",
    "recipient_id": "5",
    "type": "alert",
    "class": "space",
    "reference_id": "4",
    "status": "sent",
    "sent_at": "2025-09-23T21:53:05.697053",
    "created_by": "9",
    "created_at": "2025-09-26T21:53:05.697053"
  }
}