{
  "1": {
    "page_id": "1",
    "space_key": "1",
    "parent_page_id": null,
    "title": "Those poor central cause",
    "template_id": "1",
    "creator_id": "5",
    "status": "current",
    "last_modified_by": "7",
    "last_modified_at": "2024-10-16T21:53:05.692055",
    "created_at": "2024-10-04T21:53:05.692055"
  },
  "2": {
    "page_id": "2",
    "space_key": "1",
    "parent_page_id": "1",
    "title": "Much section investment on gun",
    "template_id": null,
    "creator_id": "12",
    "status": "current",
    "last_modified_by": "6",
    "last_modified_at": "2025-09-26T21:53:05.692055",
    "created_at": "2025-08-27T21:53:05.692055"
  },
  "3": {
    "page_id": "3",
    "space_key": "2",
    "parent_page_id": null,
    "title": "Meeting before another",
    "template_id": null,
    "creator_id": "10",
    "status": "current",
    "last_modified_by": "2",
    "last_modified_at": "2024-10-22T21:53:05.692055",
    "created_at": "2024-10-15T21:53:05.692055"
  },
  "4": {
    "page_id": "4",
    "space_key": "3",
    "parent_page_id": null,
    "title": "Check civil",
    "template_id": null,
    "creator_id": "2",
    "status": "current",
    "last_modified_by": "7",
    "last_modified_at": "2024-11-06T21:53:05.692055",
    "created_at": "2024-10-24T21:53:05.692055"
  },
  "5": {
    "page_id": "5",
    "space_key": "3",
    "parent_page_id": null,
    "title": "Others his other life",
    "template_id": null,
    "creator_id": "7",
    "status": "current",
    "last_modified_by": "3",
    "last_modified_at": "2024-11-06T21:53:05.692055",
    "created_at": "2024-10-17T21:53:05.692055"
  },
  "6": {
    "page_id": "6",
    "space_key": "3",
    "parent_page_id": null,
    "title": "Wife team activity",
    "template_id": "3",
    "creator_id": "8",
    "status": "current",
    "last_modified_by": "10",
    "last_modified_at": "2025-01-14T21:53:05.692055",
    "created_at": "2024-12-11T21:53:05.692055"
  },
  "7": {
    "page_id": "7",
    "space_key": "4",
    "parent_page_id": null,
    "title": "Race Mr",
    "template_id": null,
    "creator_id": "6",
    "status": "current",
    "last_modified_by": "5",
    "last_modified_at": "2025-08-10T21:53:05.693051",
    "created_at": "2025-07-07T21:53:05.693051"
  }
}