{
  "1": {
    "grant_id": "1",
    "space_key": "1",
    "subject_type": "user",
    "subject_id": "5",
    "permission": "edit",
    "granted_by": "6",
    "granted_at": "2025-08-02T21:53:05.696051"
  },
  "2": {
    "grant_id": "2",
    "space_key": "2",
    "subject_type": "group",
    "subject_id": "3",
    "permission": "edit",
    "granted_by": "5",
    "granted_at": "2025-06-10T21:53:05.696051"
  },
  "3": {
    "grant_id": "3",
    "space_key": "2",
    "subject_type": "group",
    "subject_id": "1",
    "permission": "edit",
    "granted_by": "1",
    "granted_at": "2025-05-10T21:53:05.696051"
  },
  "4": {
    "grant_id": "4",
    "space_key": "3",
    "subject_type": "group",
    "subject_id": "2",
    "permission": "manage_restrictions",
    "granted_by": "2",
    "granted_at": "2025-04-12T21:53:05.696051"
  },
  "5": {
    "grant_id": "5",
    "space_key": "4",
    "subject_type": "user",
    "subject_id": "4",
    "permission": "view",
    "granted_by": "1",
    "granted_at": "2025-04-19T21:53:05.696051"
  }
}