{
  "1": {
    "transition_id": "1",
    "instance_id": "1",
    "transition": "reject",
    "actor_user_id": "2",
    "comment": "",
    "created_at": "2025-09-11T21:53:05.696051"
  },
  "2": {
    "transition_id": "2",
    "instance_id": "1",
    "transition": "reject",
    "actor_user_id": "11",
    "comment": "",
    "created_at": "2025-09-12T21:53:05.696051"
  },
  "3": {
    "transition_id": "3",
    "instance_id": "1",
    "transition": "request_changes",
    "actor_user_id": "3",
    "comment": "",
    "created_at": "2025-09-11T21:53:05.696051"
  }
}